Delivery Date,Date Sold,Date Paid,Docket Number,Payment Reference,Qty Sold,Market Avg,Price,Sales Value

TSHWANE MARKET,Farmers Trust (Pre)
Delivery ID : ,1180699Z,Supplier Ref : ,20026*14720,Qty Sent : ,14,Qty Amended To : ,
Consignment ID :,118069901Z
Product :,CHERRIES OTHER CLASS 1 LARGE (HALF TRAY 2.5kg)
2026-05-27,2026-06-01,2026-06-03,PRE*B6E01C39001*01Z,PRE*BT*382860,1,0.00,200.00,200.00
 , , , , ,1,,,200.00
Delivery ID : ,1181705Z,Supplier Ref : ,,Qty Sent : ,71,Qty Amended To : ,
Consignment ID :,118170502Z
Product :,NECTARINES OTHER CLASS 1 MEDIUM MULTI LAYER TRAYER 11kg
2026-05-26,2026-05-27,2026-05-29,PRE*B6E01C39001*02Z,PRE*BT*382410,40,0.00,50.00,2000.00
2026-05-26,2026-05-30,2026-06-01,PRE*B6E02C39002*02Z,PRE*BT*382861,25,0.00,60.00,1500.00
 , , , , ,65,,,3500.00

Destination,Subtropico (Jhb)
Delivery ID : ,1182465Z,Supplier Ref : ,14013*14710,Qty Sent : ,100,Qty Amended To : ,
Consignment ID :,118246503Z
Product :,GRAPES CRIMSON SEEDLESS CLASS 2 NO SIZE (PUNNET 5kg) 10
2026-05-27,2026-06-02,0000-00-00,PRE*B6E01C39001*03Z,PRE*BT*0,10,0.00,80.00,800.00
 , , , , ,10,,,800.00
Delivery ID : ,1183120Z,Supplier Ref : ,20026*14880,Qty Sent : ,200,Qty Amended To : ,
Consignment ID :,118312006Z
Product :,ORANGES VALENCIA CLASS 1 MEDIUM STANDARD CARTON 15kg
2026-05-30,2026-06-05,2026-06-08,PRE*B6E01C39001*06Z,JOH*SUB*5644211/1,30,0.00,30.00,900.00
 , , , , ,30,,,900.00

TSHWANE MARKET,Farmers Trust (Pre)
Delivery ID : ,1183200Z,Supplier Ref : ,20026*14885,Qty Sent : ,2,Qty Amended To : ,
Consignment ID :,118320007Z
Product :,PEARS PACKHAMS CLASS 1 MEDIUM STANDARD CARTON 12.5kg
2026-06-01,2026-06-02,2026-06-05,PRE*B6E01C39001*07Z,PRE*BT*382880,2,0.00,50.00,100.00
 , , , , ,2,,,100.00
Delivery ID : ,1183201Z,Supplier Ref : ,20026*14886,Qty Sent : ,2,Qty Amended To : ,
Consignment ID :,118320108Z
Product :,PEACHES CLASS 1 MEDIUM STANDARD TRAY 5kg
2026-06-01,2026-06-02,2026-06-05,PRE*B6E01C39001*08Z,PRE*BT*382880,2,0.00,50.00,100.00
 , , , , ,2,,,100.00
Delivery ID : ,1183202Z,Supplier Ref : ,20026*14887,Qty Sent : ,5,Qty Amended To : ,
Consignment ID :,118320209Z
Product :,STRAWBERRIES CLASS 1 PUNNET 250g
2026-06-01,2026-06-02,2026-06-05,PRE*B6E01C39001*09Z,PRE*BT*382880,5,0.00,20.00,100.00
 , , , , ,5,,,100.00
Delivery ID : ,1183300Z,Supplier Ref : ,20026*14891,Qty Sent : ,60,Qty Amended To : ,
Consignment ID :,118330010Z
Product :,GRAPEFRUIT STAR RUBY CLASS 1 MEDIUM STANDARD CARTON 15kg
2026-06-02,2026-06-03,2026-06-06,PRE*B6E01C39001*10Z,PRE*BT*382885,20,0.00,90.00,1800.00
2026-06-02,2026-06-04,2026-06-06,PRE*B6E02C39002*10Z,PRE*BT*382885,-5,0.00,90.00,-450.00
2026-06-02,2026-06-04,2026-06-06,PRE*B6E03C39003*10Z,PRE*BT*382885,25,0.00,90.00,2250.00
 , , , , ,40,,,3600.00

Destination,Subtropico (Jhb)
Delivery ID : ,1183301Z,Supplier Ref : ,20026*14892,Qty Sent : ,25,Qty Amended To : ,
Consignment ID :,118330111Z
Product :,AVOCADOS HASS CLASS 1 COUNT 18 STANDARD CARTON 4kg
2026-06-02,2026-06-03,2026-06-06,PRE*B6E01C39001*11Z,PRE*BT*382886,25,0.00,120.00,3000.00
 , , , , ,25,,,3000.00

,Daily Total,,,,,,,
